{
    "accuracy": 0.9661791590493601,
    "precision": 0.9741379310344828,
    "recall": 0.7687074829931972,
    "f1": 0.8593155893536122
}
